FID	Sample	Gender	Body_weight	Total_length	Body_length	Head_length	Body_height	Body_width	Genotype
WCC	bx2	M	372.8	276.4	232.1	64.8	92.7	54.4	1|0
WCC	bx40	M	345.3	268.9	229.4	56.7	97.2	48.5	1|0
WCC	bx25	M	332.9	256.7	224.8	56.7	93.2	52.8	0|0
WCC	bx10	M	330.2	256.7	216.4	54.7	94.8	63.5	0|0
WCC	bx53	M	281.2	240.5	213.0	52.3	91.4	41.2	0|0
WCC	bx89	M	130.5	204.2	163.6	42.7	70.4	41.6	0|0
WCC	bx74	M	137.9	204.1	161.2	37.8	69.2	35.4	0|0
WCC	bx71	M	125.8	199.6	160.1	45.2	65.2	35.1	0|0
WCC	bx85	M	179.6	186.2	160.1	36.2	79.6	39.4	0|0
WCC	bx73	M	152.5	205.1	157.2	42.3	74.6	37.2	0|0
WCC	bc84	F	307.0	261.2	212.3	54.6	91.7	50.6	0|0
WCC	bc37	F	287.7	246.5	209.8	53.1	87.2	62.1	0|0
WCC	bc17	F	245.6	245.6	208.5	44.5	82.3	54.5	0|0
WCC	bc20	F	277.2	238.7	208.2	56.7	86.7	56.8	0|0
WCC	bc48	F	302.0	232.5	194.8	54.7	92.5	48.2	0|0
WCC	bc23	F	217.9	229.7	189.2	54.4	76.5	52.3	0|0
WCC	bc19	F	170.2	216.7	182.5	54.4	74.8	49.2	0|1
WCC	bc33	F	197.5	209.8	179.4	44.5	76.2	48.6	0|0
WCC	bc30	F	165.7	207.6	174.8	48.6	73.4	48.2	0|0
WCC	bc3	F	162.0	206.7	174.4	49.8	72.1	46.8	0|0
RCC	hx31	M	198.3	193.2	159.0	39.6	73.5	39.8	0|0
RCC	hx5	M	155.8	195.6	157.2	46.1	69.0	42.0	0|0
RCC	hx29	M	171.7	182.3	153.4	45.0	79.7	35.6	0|0
RCC	hx4	M	139.7	180.3	152.9	45.1	72.3	36.2	0|0
RCC	hx34	M	143.4	176.6	152.0	37.3	69.1	39.2	0|0
RCC	hx19	M	101.1	164.5	136.0	35.2	64.5	30.1	0|0
RCC	hx23	M	95.8	155.6	135.6	34.5	65.7	30.6	0|0
RCC	hx48	M	124.0	165.0	132.3	36.1	72.3	36.7	0|0
RCC	hx16	M	86.1	160.5	132.0	36.1	59.3	29.7	0|0
RCC	hx13	M	93.8	145.6	120.1	29.1	65.0	34.5	0|0
RCC	hc7	F	152.6	190.2	158.1	43.2	71.6	39.7	0|0
RCC	hc30	F	206.3	195.0	172.3	46.0	76.5	42.0	0|0
RCC	hc21	F	155.2	198.9	165.2	47.6	70.1	39.8	0|0
RCC	hc2	F	161.6	180.4	160.3	44.3	76.4	39.6	0|0
RCC	hc14	F	155.6	185.2	160.1	43.2	71.0	43.5	0|0
RCC	hc15	F	97.5	163.1	139.9	41.0	56.7	34.5	0|0
RCC	hc20	F	130.1	161.2	134.6	43.5	69.7	42.3	0|0
RCC	hc32	F	123.4	160.0	133.2	35.9	70.0	37.8	0|0
RCC	hc35	F	154.6	156.6	125.3	36.7	78.9	41.2	0|0
RCC	hc36	F	74.9	145.6	123.0	31.5	54.2	33.2	0|0
WR	h1c1	F	195.2	217.6	182.44	52.31	71.64	33.99	0|0
WR	h1c2	F	213.2	224.5	188.2	50.88	79.67	35.16	0|0
WR	h1c3	F	229.7	213.4	177.57	50.57	74.2	34.19	0|0
WR	h1c4	F	228.7	217.34	178.46	52.52	53.13	40.6	0|0
WR	h1c5	F	227.0	212.0	173.0	41.0	83.2	45.0	0|0
WR	h1c6	F	254.9	245.6	236.0	52.3	78.8	43.4	0|0
WR	h1c7	F	640.7	324.3	261.2	68.5	112.5	57.3	0|1
WR	h1c8	F	238.0	244.7	195.7	58.4	85.0	38.0	0|0
WR	h1c9	F	246.0	233.7	187.4	46.5	76.3	42.0	0|0
WR	h1c10	F	258.3	243.0	184.3	48.7	81.2	44.5	0|0
WR	h1c11	F	226.9	214.3	173.2	46.5	82.1	37.3	0|0
WR	h1c12	F	293.4	234.5	203.1	52.1	87.7	43.4	0|0
WR	h1c13	F	220.0	261.0	192.2	47.3	79.1	39.4	0|0
WR	h1c14	F	243.8	239.4	186.6	46.7	83.2	40.7	0|0
WR	h1c15	F	198.6	224.3	173.7	51.2	75.1	36.3	0|0
WR	h1c16	F	251.6	236.1	193.2	44.7	81.1	39.8	0|0
WR	h1c17	F	170.1	194.3	161.3	39.7	71.2	35.0	0|0
WR	h1c18	F	313.7	273.0	215.2	67.1	82.2	44.0	1|0
WR	h1c19	F	163.1	200.3	155.7	42.0	66.5	34.4	0|0
WR	h1c20	F	266.8	234.3	185.0	45.0	81.7	39.5	0|0
WR	h1c21	F	229.6	223.7	184.5	43.2	74.5	40.3	0|0
WR	h1c22	F	286.1	239.8	198.3	53.0	87.6	45.5	0|0
WR	h1c23	F	231.8	236.3	183.1	44.8	76.5	37.1	0|0
WR	h1c24	F	185.9	205.1	164.3	35.6	74.3	33.7	0|0
WR	h1c25	F	184.7	223.1	182.0	43.1	73.0	36.0	0|0
WR	h1c26	F	298.9	240.3	192.2	43.7	87.3	42.0	0|0
WR	h1c27	F	301.9	261.0	207.0	49.0	80.3	43.0	0|0
WR	h1c28	F	207.01	225.0	176.0	43.0	78.0	42.0	0|0
WR	h1c29	F	238.8	239.1	200.2	52.0	74.5	35.0	0|0
WR	h1c30	F	204.4	213.0	168.0	45.9	76.2	39.7	0|0
WR	h1c31	F	164.8	227.0	187.0	46.0	71.0	35.0	0|0
WR	h1c32	F	288.6	235.7	203.0	49.0	82.0	41.0	0|0
WR	h1c33	F	251.3	235.0	190.1	52.0	80.3	36.0	0|0
WR	h1c34	F	215.0	225.0	192.0	49.0	87.0	35.6	0|0
WR	h1c35	F	265.6	225.0	186.7	45.0	80.3	42.3	0|0
WR	h1c36	F	215.8	220.1	175.7	43.73	77.4	37.4	0|0
WR	h1c37	F	210.5	205.0	176.0	43.2	76.0	37.0	0|0
WR	h1c38	F	276.6	260.2	213.3	56.7	82.1	39.3	0|0
WR	h1c39	F	213.7	209.0	176.0	42.0	75.0	36.0	0|0
WR	h1c40	F	294.8	247.0	203.0	49.0	85.0	42.0	0|0
WR	h1c41	F	263.3	223.0	186.0	43.0	84.0	40.3	0|0
WR	h1c42	F	270.3	221.0	186.0	44.0	82.0	40.1	0|0
WR	h1c43	F	173.2	185.0	156.0	39.0	72.0	36.0	0|0
WR	h1c44	F	288.3	224.0	185.0	43.0	82.0	45.0	0|0
WR	h1c45	F	311.6	237.0	199.0	51.0	84.0	39.0	0|0
WR	h1c46	F	304.0	230.0	193.0	46.0	85.0	41.0	0|0
WR	h1c47	F	313.7	228.0	191.0	43.0	85.0	42.0	0|0
WR	h1c48	F	312.3	234.0	195.0	49.0	85.0	44.5	0|0
WR	h1c49	F	242.6	212.0	171.0	43.0	77.0	41.0	0|0
WR	h1c50	F	264.4	225.0	191.0	46.0	78.0	39.0	0|0
WR	h1c51	F	256.1	230.0	187.0	46.0	79.0	40.0	0|0
WR	h1c52	F	249.3	255.0	205.0	56.0	81.0	40.0	0|0
WR	h1c53	F	269.9	231.0	192.0	46.0	81.0	40.0	0|0
WR	h1c54	F	227.8	214.0	182.0	41.0	76.0	35.0	0|0
WR	h1c55	F	253.2	215.0	182.0	42.0	77.0	41.0	0|0
WR	h1c56	F	246.9	230.0	194.0	46.0	78.0	39.0	0|0
WR	h1c57	F	183.9	221.0	182.0	43.0	76.0	31.0	0|0
WR	h1c58	F	397.6	251.0	212.0	51.0	93.0	45.0	0|0
WR	h1c59	F	326.4	251.0	201.0	46.0	82.0	40.0	0|0
WR	h1c60	F	192.4	200.3	173.0	39.0	70.0	35.0	0|0
WR	h1c61	F	274.2	241.0	205.0	54.0	81.0	38.5	0|0
WR	h1c62	F	313.2	233.0	194.0	47.0	85.0	43.0	0|0
WR	h1c63	F	153.7	185.0	157.0	42.0	67.0	33.0	0|0
WR	h1c64	F	360.2	251.0	205.0	47.0	85.0	49.0	0|0
WR	h1c65	F	268.4	234.5	196.0	47.0	83.0	43.0	0|0
WR	h1c66	F	285.2	232.0	192.0	47.0	82.0	43.0	0|0
WR	h1c67	F	275.1	240.1	203.0	47.0	76.0	39.8	0|0
WR	h1c68	F	227.4	208.0	182.0	41.0	76.0	40.0	0|0
WR	h1c69	F	292.9	227.0	192.0	47.0	84.0	42.0	0|0
WR	h1c70	F	239.8	232.0	193.0	42.0	81.0	37.0	0|0
WR	h1c71	F	274.2	233.0	194.0	46.0	84.0	39.0	0|0
WR	h1c72	F	245.1	220.0	181.0	42.0	83.0	36.0	0|0
WR	h1c73	F	216.7	234.0	193.0	44.0	80.0	39.0	0|0
WR	h1c74	F	247.8	227.0	184.0	46.0	79.0	41.0	0|0
WR	h1c75	F	242.8	223.0	192.0	46.0	77.0	37.0	0|0
WR	h1c76	F	199.5	214.0	178.0	45.0	76.0	33.0	0|0
WR	h1c77	F	218.1	208.0	171.0	39.0	78.0	41.0	0|0
WR	h1c78	F	170.2	201.0	169.0	39.0	67.0	35.0	0|0
WR	h1c79	F	251.1	226.0	187.0	45.0	84.0	39.0	0|0
WR	h1c80	F	198.2	205.0	171.0	44.0	74.0	33.0	0|0
WR	h1c81	F	217.1	232.0	192.0	46.0	80.0	35.0	1|0
WR	h1c82	F	238.3	225.0	186.0	45.0	79.0	39.0	0|0
WR	h1c83	F	252.6	235.0	197.0	51.0	79.0	42.0	0|0
WR	h1c84	F	246.1	229.0	192.0	47.0	79.0	38.0	0|0
WR	h1c85	F	306.6	232.0	186.0	47.0	86.0	42.0	0|0
WR	h1c86	F	245.6	232.0	192.0	43.0	77.0	39.0	0|0
WR	h1c87	F	247.7	219.0	185.0	42.0	77.0	38.0	0|0
WR	h1c88	F	148.3	198.0	163.0	39.0	70.0	30.0	0|0
WR	h1c89	F	290.2	236.0	196.0	49.0	82.0	40.0	0|0
WR	h1c90	F	322.0	243.0	196.0	47.0	84.0	45.0	0|0
WR	h1c91	F	282.0	225.0	192.0	43.0	82.0	38.0	0|0
WR	h1c92	F	302.1	231.0	194.0	45.0	82.0	41.0	0|0
WR	h1c93	F	131.8	192.0	160.0	39.0	65.0	34.0	0|0
WR	h1c94	F	262.9	226.0	185.0	42.0	78.0	40.0	0|0
WR	h1c95	F	233.0	228.0	182.0	47.0	73.0	38.0	0|0
WR	h1c96	F	233.7	218.0	162.0	41.0	85.0	42.0	0|0
WR	h1c97	F	224.7	214.0	182.0	43.0	78.0	39.0	0|0
WR	h1c98	F	191.5	227.0	187.0	44.0	76.0	41.0	0|0
WR	h1c99	F	272.1	252.0	205.0	54.0	83.0	46.0	0|0
WR	h1c100	F	305.0	239.0	196.0	49.0	82.0	40.0	0|0
WR-II	h2x34	M	481.3	301.5	250.9	66.8	100.3	55.0	1|0
WR-II	h2x15	M	380.6	290.3	245.6	59.4	86.3	51.3	0|0
WR-II	h2x70	M	379.0	290.8	234.6	56.1	98.1	52.4	0|0
WR-II	h2x90	M	449.2	290.3	233.4	55.1	100.2	50.4	0|0
WR-II	h2x45	M	440.3	287.6	224.7	60.7	106.8	50.4	0|0
WR-II	h2x93	M	160.9	216.8	176.4	44.2	73.2	38.2	0|0
WR-II	h2x8	M	170.7	215.3	173.2	44.1	76.5	35.1	0|0
WR-II	h2x7	M	171.2	210.3	173.1	40.1	75.9	34.4	0|0
WR-II	h2x57	M	173.3	210.1	170.4	43.5	70.1	35.8	0|0
WR-II	h2x71	M	170.9	203.1	170.2	44.5	45.8	40.3	0|0
WR-II	h2c33	F	457.3	300.1	250.8	66.7	105.8	55.1	0|0
WR-II	h2c27	F	403.1	260.5	250.3	53.5	96.7	58.1	0|0
WR-II	h2c86	F	523.6	296.8	246.7	63.5	110.8	60.8	0|0
WR-II	h2c81	F	523.9	304.9	245.0	63.5	100.8	61.2	0|1
WR-II	h2c84	F	395.6	295.1	236.5	60.3	89.1	48.1	1|0
WR-II	h2c87	F	173.6	210.5	164.8	41.8	70.5	40.5	0|0
WR-II	h2c5	F	179.8	205.2	164.3	39.2	79.9	40.3	0|0
WR-II	h2c10	F	176.6	185.3	160.7	39.8	70.5	38.5	0|0
WR-II	h2c42	F	134.3	189.1	153.1	44.7	66.5	34.7	0|0
WR-II	h2c1	F	88.0	180.0	143.0	45.1	59.3	33.0	0|0
WR-II	h2c2	F	191.8	235.1	176.2	57.3	82.3	38.3	0|0
WR-II	h2c3	F	206.6	206.3	180.1	45.7	75.2	38.1	0|0
WR-II	h2c11	F	192.4	210.3	175.4	45.1	75.1	36.2	0|0
WR-II	h2c13	F	243.6	250.3	200.1	55.1	85.1	40.3	0|0
WR-II	h2c14	F	190.7	205.6	170.3	40.5	44.3	46.7	0|0
WR-II	h2c17	F	174.7	220.1	180.1	45.1	72.1	40.5	0|0
WR-II	h2c18	F	197.6	220.1	176.8	48.1	80.2	40.1	0|0
WR-II	h2c19	F	222.6	222.8	179.1	42.8	80.1	50.1	0|0
WR-II	h2c23	F	214.8	230.7	190.1	46.4	80.5	40.8	0|0
WR-II	h2c24	F	205.0	218.2	180.1	44.5	74.5	44.1	0|0
WR-II	h2c25	F	172.1	224.1	175.1	50.8	76.4	35.2	0|0
WR-II	h2c26	F	159.5	221.8	176.2	42.5	73.7	38.1	0|0
WR-II	h2c31	F	189.9	210.3	176.7	48.5	46.3	40.1	0|0
WR-II	h2c32	F	408.3	285.5	230.9	63.7	101.8	50.3	0|0
WR-II	h2c35	F	222.8	221.9	174.9	46.8	82.3	39.1	0|0
WR-II	h2c40	F	262.8	253.1	195.2	50.6	80.7	46.3	0|1
WR-II	h2c41	F	182.3	211.8	176.5	48.5	75.3	37.8	0|0
WR-II	h2c43	F	191.5	224.8	185.5	46.3	46.5	38.1	0|0
WR-II	h2c46	F	287.1	254.7	204.8	42.8	89.7	42.1	0|0
WR-II	h2c100	F	204.9	228.1	189.1	48.2	45.7	40.4	0|0
